login,full_name,created_at,pushed_at,stargazers_count,watchers_count,language,has_projects,has_wiki,license_name
marcobiedermann,marcobiedermann/mygym,2022-05-18T18:40:17Z,2024-10-27T05:38:37Z,1,1,,false,false,
MedRedha,MedRedha/MedRedha,2021-02-22T21:53:39Z,2024-10-27T05:16:37Z,6,6,,true,true,
hanshuebner,hanshuebner/bildschirmtext,2024-10-27T05:16:13Z,2024-10-27T05:16:32Z,0,0,Python,true,true,
tcurdt,tcurdt/tcurdt,2020-11-21T20:46:55Z,2024-10-27T05:09:15Z,5,5,,true,true,
fzerorubigd,fzerorubigd/bgtools,2024-09-01T17:56:49Z,2024-10-27T05:05:24Z,0,0,HTML,true,true,
PurpleBooth,PurpleBooth/flatter,2024-08-26T15:51:02Z,2024-10-27T05:03:22Z,0,0,,true,true,
nikic,nikic/llvm-compile-time-data-1,2023-09-30T08:23:10Z,2024-10-27T05:01:42Z,0,0,,true,true,cc0-1.0
turian,turian/local-pdf-nougat,2024-09-18T05:49:06Z,2024-10-27T04:49:10Z,0,0,Python,true,true,apache-2.0
camunda,camunda/c8-multi-region,2024-02-12T14:45:23Z,2024-10-27T04:47:00Z,3,3,Go,false,false,
candostdagdeviren,candostdagdeviren/candost.blog-astro,2023-07-26T05:26:14Z,2024-10-27T04:42:42Z,3,3,Astro,false,false,
prisma,prisma/prisma-examples,2018-08-15T15:56:33Z,2024-10-27T04:33:17Z,6127,6127,TypeScript,false,false,apache-2.0
tcurdt,tcurdt/nixcfg,2023-10-19T20:25:58Z,2024-10-27T04:28:14Z,8,8,Nix,true,false,
tcurdt,tcurdt/nixos-unattended-install-iso,2024-08-27T11:30:54Z,2024-10-27T04:25:51Z,7,7,Nix,true,true,
Byron,Byron/byron,2021-03-29T02:57:42Z,2024-10-27T03:28:23Z,1,1,,false,false,
prisma,prisma/ecosystem-tests,2019-12-13T13:50:51Z,2024-10-27T03:08:48Z,194,194,JavaScript,true,false,
slint-ui,slint-ui/www-releases,2024-03-28T00:11:48Z,2024-10-27T02:57:38Z,0,0,HTML,false,false,other
nschloe,nschloe/nschloe,2021-05-06T07:56:47Z,2024-10-27T02:46:04Z,1,1,,true,true,
hartwork,hartwork/sandwine,2023-02-25T17:38:09Z,2024-10-27T02:21:27Z,75,75,Python,true,true,gpl-3.0
fineanmol,fineanmol/plant-tree,2022-03-12T19:11:43Z,2024-10-27T02:04:05Z,1,1,JavaScript,true,true,
camunda,camunda/camunda-modeler,2015-09-18T09:38:04Z,2024-10-27T01:54:14Z,1497,1497,JavaScript,false,false,mit
splitbrain,splitbrain/splitbrain,2020-09-04T11:30:34Z,2024-10-27T01:43:21Z,3,3,,true,true,
shuding,shuding/nextra,2020-06-15T16:39:34Z,2024-10-27T01:40:39Z,11742,11742,TypeScript,false,false,mit
seyfer,seyfer/github-stats,2024-04-21T10:15:58Z,2024-10-27T01:37:50Z,1,1,Python,false,false,gpl-3.0
codepo8,codepo8/codepo8,2020-09-09T15:48:56Z,2024-10-27T01:31:52Z,3,3,,true,true,
AbdullahBakir97,AbdullahBakir97/AbdullahBakir97,2023-05-15T22:00:24Z,2024-10-27T01:30:33Z,15,15,,true,true,
prisma,prisma/prisma,2019-06-20T13:33:47Z,2024-10-27T01:29:06Z,39459,39459,TypeScript,true,false,apache-2.0
fzerorubigd,fzerorubigd/ecal-repo,2024-07-05T16:44:31Z,2024-10-27T01:28:17Z,0,0,Go,true,true,
camunda,camunda/keycloak,2023-08-10T13:56:51Z,2024-10-27T01:24:58Z,5,5,Dockerfile,false,false,apache-2.0
hartwork,hartwork/fetchcommandwrapper,2014-11-21T15:17:19Z,2024-10-27T01:19:47Z,9,9,Python,true,true,
dereuromark,dereuromark/cakephp-setup,2012-02-25T12:53:49Z,2024-10-27T00:57:13Z,34,34,PHP,false,true,mit
alexeygrigorev,alexeygrigorev/kids-horror-stories-ru,2024-07-25T16:06:52Z,2024-10-27T00:56:53Z,8,8,Python,true,true,
camunda,camunda/infraex-common-config,2024-05-08T13:11:57Z,2024-10-27T00:54:56Z,1,1,Shell,false,false,
spacecowb0y,spacecowb0y/awesome-stars,2020-09-09T07:48:41Z,2024-10-27T00:51:08Z,1,1,,false,false,
geekdada,geekdada/awesome-stars,2019-09-25T09:25:46Z,2024-10-27T00:49:46Z,10,10,,false,false,
nuhkoca,nuhkoca/nuhkoca,2020-07-13T15:59:30Z,2024-10-27T00:47:17Z,5,5,,true,true,
camunda,camunda/camunda-tf-eks-module,2023-10-25T12:20:30Z,2024-10-27T00:43:53Z,2,2,Go,false,false,apache-2.0
ndom91,ndom91/starred,2024-02-09T16:11:29Z,2024-10-27T00:35:37Z,0,0,,true,true,
delucis,delucis/astro-badge,2022-07-14T16:17:46Z,2024-10-27T00:34:01Z,85,85,Astro,false,false,
endocrimes,endocrimes/nixos-config,2019-06-26T12:04:56Z,2024-10-27T00:33:12Z,6,6,Nix,false,false,mit
kakkoyun,kakkoyun/kakkoyun,2020-07-09T06:01:09Z,2024-10-27T00:32:47Z,5,5,,true,true,apache-2.0
camunda,camunda/infra-global-github-actions,2022-01-06T09:08:31Z,2024-10-27T00:29:15Z,3,3,Shell,false,false,
christianparpart,christianparpart/Lightweight,2024-07-31T19:22:19Z,2024-10-27T00:26:15Z,4,4,C++,false,false,
kianenigma,kianenigma/kianenigma,2023-08-28T12:36:38Z,2024-10-27T00:23:55Z,0,0,Python,true,true,
soulshake,soulshake/soulshake,2020-08-23T17:43:17Z,2024-10-27T00:23:10Z,3,3,,true,true,
ManiMozaffar,ManiMozaffar/richapi,2023-04-01T09:59:16Z,2024-10-27T00:21:31Z,121,121,Python,true,true,
ff6347,ff6347/p5-easing,2024-09-24T10:21:26Z,2024-10-27T00:21:08Z,1,1,JavaScript,true,true,bsd-3-clause
ebrugulec,ebrugulec/year-progress,2020-10-26T21:49:42Z,2024-10-27T00:20:35Z,22,22,JavaScript,true,true,
geekdada,geekdada/ChatGPT-Next-Web,2023-04-02T04:49:04Z,2024-10-27T00:13:37Z,0,0,TypeScript,true,false,mit
geekdada,geekdada/surge-list,2018-10-11T05:12:57Z,2024-10-27T00:12:13Z,223,223,Smarty,true,true,
AmruthPillai,AmruthPillai/Reactive-Resume,2020-03-25T14:08:22Z,2024-10-27T00:10:57Z,23411,23411,TypeScript,false,false,mit
dmonad,dmonad/gutenberg,2019-11-06T21:52:36Z,2024-10-27T00:10:49Z,0,0,JavaScript,true,false,other
localheinz,localheinz/localheinz,2020-07-04T21:14:31Z,2024-10-27T00:06:17Z,2,2,Makefile,false,false,mit
plutov,plutov/plutov,2021-03-30T19:30:39Z,2024-10-27T00:01:15Z,0,0,,true,true,
philippjfr,philippjfr/panel-graphic-walker,2024-10-25T21:29:55Z,2024-10-26T23:44:57Z,2,2,Python,true,true,
ndom91,ndom91/ndom91,2020-07-10T15:51:33Z,2024-10-26T23:32:36Z,0,0,,true,true,
weaveworks,weaveworks/weave-gitops,2021-02-26T13:58:44Z,2024-10-26T23:09:41Z,919,919,MDX,true,false,apache-2.0
camunda,camunda/c8-sm-checks,2024-04-16T09:51:20Z,2024-10-26T22:45:31Z,0,0,Shell,false,false,other
ndom91,ndom91/nix-config,2024-02-26T14:48:46Z,2024-10-26T22:38:14Z,4,4,Nix,false,false,mit
andydandy74,andydandy74/ClockworkForDynamo,2013-12-09T10:11:01Z,2024-10-26T22:32:07Z,220,220,Python,true,true,mit
maateen,maateen/docker-beanstalkd,2020-06-01T12:39:54Z,2024-10-26T22:28:46Z,12,12,Dockerfile,false,false,gpl-3.0
nschloe,nschloe/tiptop,2021-09-24T14:46:17Z,2024-10-26T22:23:37Z,1760,1760,Python,true,true,mit
zeenix,zeenix/zbus,2023-05-13T17:35:48Z,2024-10-26T22:19:57Z,0,0,Rust,true,false,other
delucis,delucis/astro-embed,2022-04-07T07:32:03Z,2024-10-26T22:01:19Z,204,204,JavaScript,false,false,mit
cristianoliveira,cristianoliveira/funzzy,2016-03-21T20:15:36Z,2024-10-26T21:57:55Z,236,236,Rust,true,true,mit
ligi,ligi/PassAndroid,2013-01-23T15:34:45Z,2024-10-26T21:50:03Z,814,814,Kotlin,false,false,gpl-3.0
nikku,nikku/wuffle,2019-03-20T21:45:21Z,2024-10-26T21:49:48Z,118,118,JavaScript,false,false,mit
wix,wix/stylable,2017-06-25T11:07:05Z,2024-10-26T21:48:54Z,1268,1268,TypeScript,true,true,mit
janlelis,janlelis/unicode-sequence_name,2017-04-02T21:20:33Z,2024-10-26T21:40:57Z,6,6,Ruby,true,true,mit
janlelis,janlelis/unicoder,2016-04-13T17:55:38Z,2024-10-26T21:37:31Z,9,9,Ruby,true,true,mit
janlelis,janlelis/unicode-name.js,2024-10-06T19:18:58Z,2024-10-26T21:34:43Z,5,5,JavaScript,true,true,mit
PurpleBooth,PurpleBooth/generate-formula-action,2021-10-16T19:34:50Z,2024-10-26T21:21:21Z,0,0,,true,true,
nikku,nikku/markmark,2022-10-31T22:47:20Z,2024-10-26T21:20:21Z,10,10,JavaScript,false,false,mit
chrisguttandin,chrisguttandin/muted-audio-element-test,2020-11-04T12:43:56Z,2024-10-26T21:20:09Z,0,0,JavaScript,true,false,mit
chrisguttandin,chrisguttandin/mse-tests,2016-10-11T11:42:33Z,2024-10-26T21:17:05Z,1,1,JavaScript,true,false,mit
camunda,camunda/camunda-tf-rosa,2024-05-15T08:23:15Z,2024-10-26T21:16:42Z,0,0,HCL,false,false,other
sschmid,sschmid/pw-terminal-password-manager,2021-10-28T11:30:01Z,2024-10-26T21:13:27Z,21,21,Shell,true,true,mit
chrisguttandin,chrisguttandin/metadata-detector-streams,2017-01-23T18:29:51Z,2024-10-26T21:05:44Z,4,4,TypeScript,true,false,mit
chrisguttandin,chrisguttandin/metadata-detector,2015-10-08T16:15:31Z,2024-10-26T21:04:09Z,6,6,JavaScript,true,false,mit
chrisguttandin,chrisguttandin/metadata-detector-broker,2017-05-17T01:37:40Z,2024-10-26T21:01:11Z,1,1,JavaScript,true,false,mit
chrisguttandin,chrisguttandin/metadata-detector-worker,2017-05-17T00:47:32Z,2024-10-26T20:58:52Z,0,0,JavaScript,true,false,mit
chrisguttandin,chrisguttandin/media-session-with-web-audio-test,2024-08-22T09:41:41Z,2024-10-26T20:55:49Z,1,1,JavaScript,true,false,mit
chrisguttandin,chrisguttandin/media-production-workshop-2021,2021-10-25T19:03:26Z,2024-10-26T20:55:05Z,0,0,TypeScript,true,false,mit
prisma,prisma/prisma-engines,2019-08-23T16:25:29Z,2024-10-26T20:47:44Z,1185,1185,Rust,true,false,apache-2.0
matthiasn,matthiasn/lotti,2016-03-16T15:01:59Z,2024-10-26T20:43:05Z,498,498,Dart,true,true,gpl-3.0
vadorovsky,vadorovsky/bpf-linker,2021-09-07T22:32:04Z,2024-10-26T20:34:52Z,0,0,Rust,true,true,apache-2.0
wolfv,wolfv/jolt-physics-feedstock,2024-09-26T07:08:11Z,2024-10-26T20:33:45Z,0,0,,true,false,bsd-3-clause
iotaledger,iotaledger/iota-wiki,2021-05-21T19:56:18Z,2024-10-26T20:29:04Z,117,117,TypeScript,true,true,other
LefterisJP,LefterisJP/rotkehlchen,2018-03-28T23:11:50Z,2024-10-26T20:13:01Z,0,0,Python,true,true,agpl-3.0
wolfv,wolfv/rust-forge,2024-03-18T12:30:34Z,2024-10-26T20:11:45Z,8,8,,true,true,
seia-soto,seia-soto/adblocker,2024-01-09T02:43:07Z,2024-10-26T20:10:53Z,0,0,TypeScript,false,false,mpl-2.0
endocrimes,endocrimes/kubernetes,2019-06-05T15:52:38Z,2024-10-26T20:01:17Z,1,1,Go,true,false,apache-2.0
lislis,lislis/ostpark-walk,2024-09-24T08:40:27Z,2024-10-26T19:58:16Z,0,0,Svelte,false,false,
Expensify,Expensify/CLA,2020-12-12T00:06:27Z,2024-10-26T19:56:18Z,0,0,,true,true,
nikku,nikku/run-camunda,2018-03-09T10:09:52Z,2024-10-26T19:53:20Z,14,14,JavaScript,false,false,mit
prisma,prisma/prisma-client-extensions,2022-12-06T18:58:50Z,2024-10-26T19:52:03Z,175,175,TypeScript,false,false,apache-2.0
ThisIsMissEm,ThisIsMissEm/fedify,2024-09-19T19:55:03Z,2024-10-26T19:41:41Z,0,0,,true,false,mit
mwarning,mwarning/KadNode,2013-06-23T21:06:21Z,2024-10-26T19:35:24Z,412,412,C,true,true,mit
sschmid,sschmid/Actions-Tester,2024-10-22T14:58:48Z,2024-10-26T19:30:45Z,0,0,Shell,true,true,
camunda,camunda/camunda,2016-03-20T03:38:04Z,2024-10-26T19:27:42Z,3310,3310,Java,true,true,
kashif,kashif/trl,2023-02-21T09:32:36Z,2024-10-26T19:02:13Z,3,3,Python,true,true,apache-2.0
AbdullahBakir97,AbdullahBakir97/Desktop-Receipt-Gen,2024-10-24T17:17:33Z,2024-10-26T18:05:26Z,0,0,TeX,true,true,
chrisgrieser,chrisgrieser/.config,2023-09-21T12:02:53Z,2024-10-26T17:53:19Z,86,86,Lua,false,false,
splitbrain,splitbrain/infra-bitters,2024-08-24T10:07:07Z,2024-10-26T17:45:56Z,2,2,Shell,false,false,
floooh,floooh/sokol,2017-07-14T08:38:25Z,2024-10-26T17:24:59Z,7017,7017,C,false,true,zlib
floooh,floooh/sokol-samples,2017-07-14T16:29:50Z,2024-10-26T17:21:02Z,618,618,C,true,true,mit
vadorovsky,vadorovsky/cosmic-session,2023-09-02T08:43:18Z,2024-10-26T17:15:04Z,0,0,,true,true,gpl-3.0
Byron,Byron/trash-rs,2019-07-03T11:46:38Z,2024-10-26T17:10:35Z,169,169,Rust,true,true,mit
iotaledger,iotaledger/firefly,2020-04-30T16:27:21Z,2024-10-26T17:04:59Z,483,483,TypeScript,true,true,apache-2.0
ligi,ligi/SurvivalManual,2016-09-16T18:47:11Z,2024-10-26T16:22:21Z,942,942,Kotlin,true,true,gpl-3.0
Expensify,Expensify/App,2020-08-07T19:08:07Z,2024-10-26T16:19:16Z,3498,3498,TypeScript,true,true,mit
wix,wix/wix-commerce-ticketing-nextjs-template,2023-03-28T14:12:38Z,2024-10-26T16:14:46Z,22,22,TypeScript,true,true,mit
hynek,hynek/svcs,2023-07-12T08:43:28Z,2024-10-26T15:31:05Z,296,296,Python,false,true,mit
angelikatyborska,angelikatyborska/a11y-audit-elixir,2023-10-30T17:12:26Z,2024-10-26T15:24:16Z,47,47,Elixir,true,false,mit
chrisgrieser,chrisgrieser/scroll-offset,2024-10-26T14:52:13Z,2024-10-26T15:04:24Z,0,0,,true,true,mit
lewagon,lewagon/data-setup,2019-10-04T12:45:33Z,2024-10-26T14:52:40Z,1829,1829,Ruby,false,true,
roji,roji/efcore.pg,2016-04-29T08:53:25Z,2024-10-26T14:51:33Z,3,3,,true,true,
chrisgrieser,chrisgrieser/nvim-rip-substitute,2024-06-04T19:27:56Z,2024-10-26T14:31:58Z,185,185,Lua,true,true,mit
janeczku,janeczku/calibre-web,2015-08-02T19:01:42Z,2024-10-26T14:08:51Z,12919,12919,Fluent,true,true,gpl-3.0
thyrlian,thyrlian/cryonics,2013-12-16T21:02:51Z,2024-10-26T13:29:48Z,3,3,JavaScript,true,true,other
kianenigma,kianenigma/kianenigma.github.io,2023-08-26T13:28:41Z,2024-10-26T13:16:57Z,2,2,SCSS,true,true,
devonestes,devonestes/deck_manager,2023-10-23T07:29:37Z,2024-10-26T13:01:21Z,0,0,Elixir,true,true,
wolfv,wolfv/rattler-build,2023-04-19T06:05:23Z,2024-10-26T12:59:20Z,0,0,Rust,true,true,bsd-3-clause
floooh,floooh/sokol-tools,2019-04-10T08:25:56Z,2024-10-26T12:51:48Z,229,229,C++,true,true,mit
chrisgrieser,chrisgrieser/nvim-genghis,2022-11-21T12:41:49Z,2024-10-26T12:48:58Z,201,201,Lua,true,true,mit
wix,wix/wix-classes-subscriptions-nextjs-template,2023-03-28T15:12:04Z,2024-10-26T12:30:41Z,20,20,TypeScript,true,true,mit
dereuromark,dereuromark/cakephp-queue-scheduler,2023-10-18T00:48:03Z,2024-10-26T12:22:15Z,6,6,PHP,false,true,mit
dereuromark,dereuromark/cron-expression,2024-10-26T12:01:49Z,2024-10-26T12:12:05Z,1,1,,true,true,mit
vadorovsky,vadorovsky/agave,2024-04-19T16:40:01Z,2024-10-26T12:06:20Z,0,0,Rust,true,true,apache-2.0
wix,wix/wix-headless-example,2023-05-01T05:10:38Z,2024-10-26T10:57:16Z,14,14,JavaScript,true,true,mit
chrisgrieser,chrisgrieser/shimmering-obsidian,2021-08-22T15:41:18Z,2024-10-26T10:21:03Z,849,849,JavaScript,false,false,mit
chrxh,chrxh/alien,2020-10-19T15:59:01Z,2024-10-26T10:12:38Z,4884,4884,C++,true,true,bsd-3-clause
chrisgrieser,chrisgrieser/shimmering-focus,2021-08-27T19:23:29Z,2024-10-26T09:16:14Z,500,500,CSS,false,false,mit
wix,wix/wix-appointments-subscriptions-nextjs-template,2023-02-08T08:57:13Z,2024-10-26T09:14:20Z,38,38,TypeScript,true,true,mit
alfredfrancis,alfredfrancis/german-driving-theory-flashcards,2024-09-02T07:42:22Z,2024-10-26T09:02:45Z,0,0,JavaScript,true,true,
wix,wix/wix-cms-nextjs-template,2023-03-28T13:48:29Z,2024-10-26T08:14:36Z,37,37,HTML,true,true,mit
arianvp,arianvp/nixos-stuff,2018-08-23T15:37:27Z,2024-10-26T08:08:36Z,24,24,HTML,true,true,mit
arianvp,arianvp/auth,2022-08-07T07:07:45Z,2024-10-26T08:01:35Z,3,3,Go,true,true,apache-2.0
atilafassina,atilafassina/apex-monorepo,2022-09-23T10:50:56Z,2024-10-26T07:54:57Z,27,27,TypeScript,false,false,
slint-ui,slint-ui/slint,2020-05-04T08:53:03Z,2024-10-26T07:39:54Z,17419,17419,Rust,true,false,other
PurpleBooth,PurpleBooth/common-pipelines,2021-10-05T17:17:17Z,2024-10-26T07:27:46Z,1,1,Rust,true,true,cc0-1.0
wix,wix/app-template-custom-shipping-rates,2024-02-28T11:06:07Z,2024-10-26T05:42:39Z,4,4,TypeScript,true,true,mit
Skn0tt,Skn0tt/one-click-hugo-cms,2021-03-08T06:36:45Z,2024-10-26T05:30:30Z,0,0,CSS,true,true,mit
camunda,camunda/camunda-platform,2022-04-12T01:40:52Z,2024-10-26T04:40:45Z,344,344,Go,false,false,
PurpleBooth,PurpleBooth/utility-container-nop,2023-10-11T12:37:49Z,2024-10-26T04:19:24Z,1,1,Dockerfile,true,true,unlicense
opf,opf/openproject,2012-11-28T09:59:11Z,2024-10-26T03:08:37Z,9345,9345,Ruby,false,false,gpl-3.0
DenisovAV,DenisovAV/flutter_gemma,2024-04-02T11:20:10Z,2024-10-26T02:34:02Z,43,43,Dart,true,true,mit
asaaki,asaaki/hello-world-docker-action,2021-03-17T21:49:52Z,2024-10-26T02:31:46Z,0,0,Rust,false,false,mit
typst,typst/templates,2023-03-27T13:22:08Z,2024-10-26T01:03:23Z,251,251,Typst,true,true,mit-0
weaveworks,weaveworks/profiles-catalog,2021-09-17T11:18:31Z,2024-10-26T00:38:20Z,4,4,Makefile,false,false,mpl-2.0
nomicode,nomicode/vidsqueeze,2024-10-24T09:58:39Z,2024-10-26T00:36:46Z,0,0,Makefile,true,true,unlicense
nomicode,nomicode/spiderball,2024-10-11T19:43:38Z,2024-10-26T00:29:12Z,0,0,Python,false,false,unlicense
rixx,rixx/baseline-updates,2024-08-22T09:52:52Z,2024-10-26T00:27:30Z,0,0,HTML,false,false,
zalando,zalando/postgres-operator,2017-05-12T09:26:07Z,2024-10-26T00:18:14Z,4333,4333,Go,false,false,mit
camunda,camunda/camunda-optimize-translations,2022-09-22T12:58:40Z,2024-10-26T00:12:47Z,1,1,,true,true,apache-2.0
chrisguttandin,chrisguttandin/limiter-audio-worklet,2020-03-19T13:10:54Z,2024-10-25T23:32:19Z,17,17,JavaScript,true,false,mit
chrisguttandin,chrisguttandin/limiter-audio-worklet-processor,2020-03-19T11:38:31Z,2024-10-25T23:29:43Z,7,7,JavaScript,true,false,mit
chrisguttandin,chrisguttandin/launchpad-detector,2018-02-02T04:07:08Z,2024-10-25T23:26:56Z,0,0,JavaScript,true,false,mit
rednafi,rednafi/fastapi-nano,2020-05-27T11:34:25Z,2024-10-25T23:12:00Z,884,884,Python,true,true,mit
typst,typst/typst,2019-09-24T21:41:56Z,2024-10-25T23:03:36Z,34542,34542,Rust,false,false,apache-2.0
camunda,camunda/camunda-docs,2020-09-18T11:33:01Z,2024-10-25T22:51:07Z,54,54,MDX,false,false,other
tcurdt,tcurdt/maven-parent,2024-01-15T15:16:13Z,2024-10-25T22:37:20Z,7,7,,true,true,
tcurdt,tcurdt/jdeb,2008-10-03T11:46:26Z,2024-10-25T22:36:45Z,533,533,Java,true,false,apache-2.0
tcurdt,tcurdt/jdependency,2008-10-05T12:38:39Z,2024-10-25T22:36:34Z,72,72,Java,true,false,apache-2.0
eps1lon,eps1lon/dom-accessibility-api,2019-10-08T18:26:49Z,2024-10-25T22:36:22Z,100,100,JavaScript,false,false,mit
pedromassango,pedromassango/salo,2024-10-06T23:11:33Z,2024-10-25T22:17:45Z,0,0,Dart,true,true,
chrisguttandin,chrisguttandin/synchsafe,2017-05-16T21:09:32Z,2024-10-25T22:12:32Z,0,0,JavaScript,true,false,mit
chrisguttandin,chrisguttandin/here-maps-type-guards,2018-11-07T15:13:12Z,2024-10-25T22:10:32Z,2,2,TypeScript,true,false,mit
chrisguttandin,chrisguttandin/demuxed-2022,2022-10-04T18:08:03Z,2024-10-25T22:02:50Z,3,3,HTML,true,false,mit
ff6347,ff6347/til,2023-04-04T13:34:38Z,2024-10-25T21:56:50Z,1,1,Go,true,true,mit
chrisguttandin,chrisguttandin/commcon-2024,2024-06-01T21:25:58Z,2024-10-25T21:47:56Z,0,0,TypeScript,true,false,mit
chrisguttandin,chrisguttandin/commcon-2023,2023-06-07T22:16:19Z,2024-10-25T21:39:57Z,0,0,TypeScript,true,false,mit
msoos,msoos/cryptominisat,2012-03-13T17:56:05Z,2024-10-25T21:39:22Z,820,820,C++,false,false,other
fjl,fjl/7002asm,2024-03-18T23:03:30Z,2024-10-25T21:37:06Z,1,1,,true,true,mit
Drakulix,Drakulix/cosmic-ext-extra-sessions,2024-10-25T21:24:59Z,2024-10-25T21:36:49Z,5,5,Shell,false,false,gpl-3.0
eps1lon,eps1lon/mui-scripts-incubator,2019-05-27T14:44:03Z,2024-10-25T21:34:08Z,4,4,JavaScript,false,false,
prof18,prof18/homebrew-cask,2024-09-13T21:37:58Z,2024-10-25T21:28:28Z,0,0,,true,false,bsd-2-clause
chrisguttandin,chrisguttandin/berlin-video-tech-meetup-june-2023,2023-06-07T19:48:43Z,2024-10-25T21:27:14Z,0,0,TypeScript,true,false,mit
EmaSuriano,EmaSuriano/deep-learning-group-7,2024-10-16T09:37:18Z,2024-10-25T21:26:38Z,0,0,Jupyter Notebook,true,true,
prof18,prof18/feed-flow,2023-02-11T00:04:52Z,2024-10-25T21:25:53Z,337,337,Kotlin,true,true,apache-2.0
chrisguttandin,chrisguttandin/timing-provider,2018-09-17T16:46:42Z,2024-10-25T21:17:48Z,30,30,JavaScript,true,false,mit
Drakulix,Drakulix/cosmic-ext-alternative-startup,2024-10-23T12:21:30Z,2024-10-25T21:16:31Z,0,0,Rust,true,false,gpl-3.0
chrisguttandin,chrisguttandin/timing-object,2017-10-22T05:45:56Z,2024-10-25T21:15:51Z,38,38,JavaScript,true,false,mit
eps1lon,eps1lon/next.js,2019-07-04T13:18:28Z,2024-10-25T21:11:36Z,0,0,JavaScript,true,true,mit
chrisgrieser,chrisgrieser/nvim-scissors,2023-12-29T18:25:01Z,2024-10-25T20:55:39Z,377,377,Lua,true,true,mit
photoprism,photoprism/photoprism,2018-01-27T12:00:15Z,2024-10-25T20:46:20Z,35188,35188,Go,true,false,other
AbdullahBakir97,AbdullahBakir97/API-Client-Generator,2024-06-16T13:13:31Z,2024-10-25T20:34:06Z,0,0,Python,true,true,
mxschmitt,mxschmitt/playwright,2020-03-21T22:57:51Z,2024-10-25T20:23:07Z,4,4,TypeScript,false,false,apache-2.0
chrisguttandin,chrisguttandin/audio-fingerprinting-file-reader,2016-03-29T12:47:36Z,2024-10-25T19:52:45Z,11,11,JavaScript,true,false,mit
msoos,msoos/csb,2024-10-25T13:14:07Z,2024-10-25T19:52:22Z,0,0,,true,true,other
pepelsbey,pepelsbey/baseline-status,2024-09-19T15:54:02Z,2024-10-25T19:51:49Z,0,0,JavaScript,true,false,apache-2.0
MoeinDeveloper92,MoeinDeveloper92/hangman,2024-10-25T19:51:45Z,2024-10-25T19:51:48Z,0,0,TypeScript,true,true,
PurpleBooth,PurpleBooth/readable-name-generator,2019-11-08T21:09:33Z,2024-10-25T19:50:14Z,6,6,Rust,false,false,cc0-1.0
chrisguttandin,chrisguttandin/audio-developer-conference-2022,2022-11-10T01:01:27Z,2024-10-25T19:24:22Z,2,2,TypeScript,true,false,mit
camunda,camunda/connector-template-inbound,2023-02-15T15:06:12Z,2024-10-25T19:18:36Z,1,1,Java,true,true,apache-2.0
tcurdt,tcurdt/release-java,2021-08-29T00:30:16Z,2024-10-25T19:16:51Z,3,3,Java,true,true,
chrisguttandin,chrisguttandin/audio-developer-conference-2019,2019-11-18T12:05:16Z,2024-10-25T19:14:39Z,0,0,TypeScript,true,false,mit
hellofresh,hellofresh/klepto,2017-10-10T11:49:19Z,2024-10-25T19:11:23Z,291,291,Go,true,true,mit
mr-mig,mr-mig/ptics,2024-10-14T11:50:59Z,2024-10-25T19:09:09Z,0,0,Ruby,true,true,
chrisguttandin,chrisguttandin/audio-context-timers,2016-11-22T00:01:42Z,2024-10-25T19:05:24Z,15,15,JavaScript,true,false,mit
chrisguttandin,chrisguttandin/array-buffer-cache,2017-05-14T01:48:22Z,2024-10-25T18:37:30Z,0,0,JavaScript,true,false,mit
chrisguttandin,chrisguttandin/array-buffer-cache-broker,2017-05-14T00:57:24Z,2024-10-25T18:34:22Z,0,0,JavaScript,true,false,mit
chrisguttandin,chrisguttandin/array-buffer-cache-worker,2017-05-10T01:19:55Z,2024-10-25T18:31:43Z,0,0,JavaScript,true,false,mit
chrisguttandin,chrisguttandin/angular-prerender,2018-07-30T14:25:24Z,2024-10-25T18:28:42Z,126,126,JavaScript,true,false,mit
PurpleBooth,PurpleBooth/game-of-life,2020-04-12T14:15:15Z,2024-10-25T18:27:05Z,2,2,Rust,true,true,cc0-1.0
chrisguttandin,chrisguttandin/angular-meetup-berlin-april-2019,2019-04-12T14:54:26Z,2024-10-25T18:22:00Z,0,0,TypeScript,true,false,mit
camunda,camunda/connector-template-outbound,2022-07-29T05:56:01Z,2024-10-25T18:21:55Z,12,12,Java,false,false,apache-2.0
zalando,zalando/logbook,2015-09-14T15:29:12Z,2024-10-25T18:19:17Z,1837,1837,Java,false,false,mit
chrisguttandin,chrisguttandin/angular-audio-context,2014-03-04T22:05:10Z,2024-10-25T18:10:56Z,21,21,JavaScript,true,false,mit
dereuromark,dereuromark/cakephp-sandbox,2013-08-30T23:38:01Z,2024-10-25T18:02:26Z,58,58,PHP,false,true,mit
ueberdosis,ueberdosis/tiptap,2018-08-20T19:58:58Z,2024-10-25T18:02:26Z,27246,27246,TypeScript,true,false,mit
mwarning,mwarning/dhtd,2023-05-25T20:53:53Z,2024-10-25T18:00:40Z,17,17,C,true,true,mit
0mp,0mp/freebsd,2016-05-30T13:37:07Z,2024-10-25T17:43:30Z,3,3,,false,true,other
roji,roji/efcore,2015-03-31T07:37:38Z,2024-10-25T17:42:29Z,4,4,C#,true,true,apache-2.0
chrisguttandin,chrisguttandin/analog4all-provider,2015-06-28T20:50:39Z,2024-10-25T17:39:34Z,2,2,TypeScript,true,false,agpl-3.0
omergulen,omergulen/universal-console-utils,2020-05-17T15:30:53Z,2024-10-25T17:31:33Z,16,16,TypeScript,true,true,mit
chrisguttandin,chrisguttandin/extendable-media-recorder,2016-12-18T02:03:36Z,2024-10-25T17:30:19Z,272,272,JavaScript,true,false,mit
fjl,fjl/execution-apis,2022-01-25T11:56:05Z,2024-10-25T17:07:02Z,0,0,,true,false,cc0-1.0
jamesmunns,jamesmunns/postcard-rpc,2023-11-12T20:38:06Z,2024-10-25T16:53:30Z,83,83,Rust,true,true,apache-2.0
codebytere,codebytere/chromium-codesearch-extension,2021-09-21T10:13:10Z,2024-10-25T16:42:11Z,6,6,JavaScript,true,true,
hartwork,hartwork/resolve-march-native,2015-08-05T19:38:49Z,2024-10-25T16:41:32Z,44,44,Python,true,true,
hartwork,hartwork/git-delete-merged-branches,2020-07-22T20:11:16Z,2024-10-25T16:41:28Z,881,881,Python,true,true,gpl-3.0
hartwork,hartwork/django-migration-vis,2019-06-26T19:46:40Z,2024-10-25T16:41:23Z,11,11,Python,true,true,
oleiade,oleiade/k6-testing,2024-10-10T08:28:00Z,2024-10-25T16:40:44Z,0,0,TypeScript,true,true,apache-2.0
hartwork,hartwork/binary-gentoo,2021-03-31T16:31:33Z,2024-10-25T16:30:12Z,17,17,Python,true,true,agpl-3.0
hartwork,hartwork/xiangqi-setup,2014-08-02T19:59:56Z,2024-10-25T16:27:36Z,27,27,Python,true,true,
hartwork,hartwork/rust-for-it,2023-06-04T18:46:08Z,2024-10-25T16:27:22Z,3,3,Rust,true,true,mit
hartwork,hartwork/wnpp.debian.net,2015-02-16T02:20:22Z,2024-10-25T16:27:15Z,50,50,Python,true,true,agpl-3.0
prisma,prisma/fullstack-prisma-nextjs-blog,2022-04-08T15:54:30Z,2024-10-25T16:26:12Z,109,109,TypeScript,true,true,
hartwork,hartwork/svneverever,2014-12-08T14:38:58Z,2024-10-25T16:25:16Z,17,17,Python,true,true,
hartwork,hartwork/jawanndenn,2016-10-23T00:15:50Z,2024-10-25T16:25:11Z,186,186,Python,false,false,
hartwork,hartwork/grub2-theme-preview,2015-01-12T13:58:32Z,2024-10-25T16:25:03Z,340,340,Python,true,true,
chrisgrieser,chrisgrieser/blink.cmp,2024-10-25T12:06:58Z,2024-10-25T16:24:42Z,0,0,,true,false,mit
photoprism,photoprism/photoprism-docs,2018-10-04T15:56:17Z,2024-10-25T16:24:20Z,60,60,HTML,false,false,other
eps1lon,eps1lon/jest,2019-07-29T13:37:29Z,2024-10-25T16:11:57Z,1,1,TypeScript,true,true,mit
chrisguttandin,chrisguttandin/recorder-audio-worklet,2018-04-20T12:01:16Z,2024-10-25T16:03:28Z,24,24,JavaScript,true,false,mit
chrisguttandin,chrisguttandin/subscribable-things,2020-02-28T18:55:04Z,2024-10-25T16:00:55Z,43,43,JavaScript,true,false,mit
zeenix,zeenix/rust-dbus-comparisons,2020-05-22T18:34:12Z,2024-10-25T15:59:05Z,0,0,Rust,true,true,mit
poettering,poettering/systemd,2015-06-08T23:07:59Z,2024-10-25T15:52:32Z,63,63,C,true,false,gpl-2.0
chrisguttandin,chrisguttandin/recorder-audio-worklet-processor,2018-04-20T00:48:32Z,2024-10-25T15:52:25Z,6,6,JavaScript,true,false,mit
chrisguttandin,chrisguttandin/multi-buffer-data-view,2019-05-31T00:16:12Z,2024-10-25T15:50:46Z,3,3,JavaScript,true,false,mit
chrisguttandin,chrisguttandin/media-encoder-host,2018-04-19T02:52:42Z,2024-10-25T15:49:22Z,2,2,JavaScript,true,false,mit
chrisguttandin,chrisguttandin/media-encoder-host-broker,2018-04-19T02:29:28Z,2024-10-25T15:47:30Z,0,0,JavaScript,true,false,mit
chrisguttandin,chrisguttandin/media-encoder-host-worker,2018-04-19T02:05:18Z,2024-10-25T15:45:39Z,0,0,JavaScript,true,false,mit
Nitrokey,Nitrokey/pynitrokey,2019-03-27T16:21:14Z,2024-10-25T15:43:58Z,100,100,Python,true,false,apache-2.0
chrisguttandin,chrisguttandin/extendable-media-recorder-wav-encoder,2016-12-01T11:43:31Z,2024-10-25T15:43:41Z,40,40,JavaScript,true,false,mit
chrisguttandin,chrisguttandin/extendable-media-recorder-wav-encoder-broker,2016-12-01T05:21:56Z,2024-10-25T15:41:54Z,1,1,JavaScript,true,false,mit
chrisguttandin,chrisguttandin/extendable-media-recorder-wav-encoder-worker,2016-12-01T05:11:19Z,2024-10-25T15:40:13Z,2,2,JavaScript,true,false,mit
greyblake,greyblake/nutype,2022-10-09T20:44:18Z,2024-10-25T15:38:55Z,1410,1410,Rust,true,true,mit
chrisguttandin,chrisguttandin/standardized-audio-context,2015-12-13T15:44:24Z,2024-10-25T15:38:20Z,675,675,JavaScript,true,false,mit
deepset-ai,deepset-ai/haystack-experimental,2024-05-09T13:30:39Z,2024-10-25T15:36:37Z,19,19,Python,false,false,apache-2.0
burnash,burnash/gspread,2011-12-02T10:46:20Z,2024-10-25T15:36:16Z,7097,7097,Python,true,true,mit
justinmk,justinmk/neovim,2014-02-28T23:17:54Z,2024-10-25T15:34:37Z,2,2,Vim Script,false,false,other
ff6347,ff6347/html-entities-converter-raycast,2024-09-25T10:12:42Z,2024-10-25T15:29:02Z,1,1,TypeScript,true,true,mit
eps1lon,eps1lon/actions-label-merge-conflict,2020-03-18T10:55:49Z,2024-10-25T15:29:00Z,47,47,TypeScript,false,false,
cketti,cketti/thunderbird-android,2011-03-30T04:44:53Z,2024-10-25T15:27:09Z,5,5,Kotlin,false,false,apache-2.0
BenjaminBossan,BenjaminBossan/peft,2023-06-27T09:42:30Z,2024-10-25T15:22:37Z,4,4,Python,true,true,apache-2.0
camunda,camunda/connectors,2022-09-30T11:56:23Z,2024-10-25T15:16:12Z,41,41,Java,false,false,apache-2.0
camunda,camunda/camunda-platform-helm,2021-08-16T11:26:43Z,2024-10-25T15:11:19Z,73,73,Go,true,false,apache-2.0
SimonDanisch,SimonDanisch/Bonito.jl,2019-07-10T09:03:08Z,2024-10-25T15:07:04Z,210,210,JavaScript,true,true,mit
azproduction,azproduction/cosp-home,2018-10-16T11:11:28Z,2024-10-25T15:00:09Z,0,0,HTML,false,false,
sheremet-va,sheremet-va/vitest,2022-02-10T10:47:21Z,2024-10-25T14:57:15Z,3,3,TypeScript,true,true,mit
typst,typst/packages,2023-06-26T12:26:19Z,2024-10-25T14:54:35Z,535,535,Rust,true,true,apache-2.0
chrisguttandin,chrisguttandin/automation-events,2019-08-10T22:28:28Z,2024-10-25T14:54:04Z,12,12,JavaScript,true,false,mit
camunda,camunda/camunda-bpm-platform,2013-01-03T10:10:31Z,2024-10-25T14:53:52Z,4114,4114,Java,true,true,apache-2.0
chrisguttandin,chrisguttandin/dynamo-db-provisioner,2017-09-15T00:13:29Z,2024-10-25T14:50:20Z,1,1,JavaScript,true,false,mit
chrisguttandin,chrisguttandin/dynamo-db-local,2015-06-12T22:49:58Z,2024-10-25T14:49:06Z,13,13,JavaScript,true,false,mit
chrisguttandin,chrisguttandin/dynamo-converters,2014-02-19T23:17:58Z,2024-10-25T14:47:24Z,24,24,JavaScript,true,false,mit
fortmarek,fortmarek/TuistBundleBug,2024-10-25T14:46:35Z,2024-10-25T14:47:11Z,0,0,Swift,true,true,
chrisguttandin,chrisguttandin/compilerr,2015-06-13T11:38:26Z,2024-10-25T14:46:27Z,0,0,JavaScript,true,false,mit
chrisguttandin,chrisguttandin/aws-client-factories,2015-06-12T21:25:40Z,2024-10-25T14:45:05Z,0,0,JavaScript,true,false,mit
chrisguttandin,chrisguttandin/analog4all-client,2015-07-13T16:49:21Z,2024-10-25T14:43:45Z,2,2,TypeScript,true,false,agpl-3.0
pepicrft,pepicrft/typed-file-system-path,2022-09-14T20:35:58Z,2024-10-25T14:40:56Z,7,7,TypeScript,true,true,mit
Expensify,Expensify/expensify-common,2016-04-21T18:44:00Z,2024-10-25T14:39:27Z,12,12,JavaScript,true,true,mit
Skn0tt,Skn0tt/playwright,2024-02-26T14:12:00Z,2024-10-25T14:39:22Z,0,0,TypeScript,true,false,apache-2.0
chrisguttandin,chrisguttandin/rxjs-broker,2016-05-31T22:41:50Z,2024-10-25T14:38:04Z,24,24,JavaScript,true,false,mit
chrisguttandin,chrisguttandin/midi-player,2015-06-28T17:28:20Z,2024-10-25T14:36:28Z,27,27,JavaScript,true,false,mit
chrisguttandin,chrisguttandin/worker-timers,2014-10-04T14:40:48Z,2024-10-25T14:34:19Z,587,587,JavaScript,true,false,mit
marijnh,marijnh/blog,2012-09-06T10:45:26Z,2024-10-25T14:33:22Z,11,11,CSS,true,true,
chrisguttandin,chrisguttandin/worker-timers-broker,2016-11-04T23:53:04Z,2024-10-25T14:29:57Z,5,5,JavaScript,true,false,mit
chrisguttandin,chrisguttandin/worker-timers-worker,2016-11-04T23:52:11Z,2024-10-25T14:27:52Z,4,4,JavaScript,true,false,mit
chrisguttandin,chrisguttandin/midi-file-slicer,2015-06-28T17:14:15Z,2024-10-25T14:24:41Z,7,7,JavaScript,true,false,mit
chrisguttandin,chrisguttandin/midi-json-parser,2015-06-28T17:09:16Z,2024-10-25T14:23:15Z,114,114,JavaScript,true,false,mit
polarity,polarity/polarity-music-tools,2019-02-23T09:40:37Z,2024-10-25T14:21:47Z,355,355,,true,true,
chrisguttandin,chrisguttandin/midi-json-parser-broker,2016-11-30T15:28:40Z,2024-10-25T14:21:18Z,0,0,JavaScript,true,false,mit
chrisguttandin,chrisguttandin/broker-factory,2018-01-02T23:59:49Z,2024-10-25T14:19:24Z,2,2,JavaScript,true,false,mit
chrisguttandin,chrisguttandin/json-midi-encoder,2016-05-30T13:56:04Z,2024-10-25T14:17:45Z,41,41,JavaScript,true,false,mit
chrisguttandin,chrisguttandin/json-midi-encoder-broker,2016-12-05T14:50:15Z,2024-10-25T14:15:51Z,0,0,JavaScript,true,false,mit
missinglink,missinglink/pbf,2017-02-24T09:07:09Z,2024-10-25T14:14:40Z,21,21,Go,false,false,mit
chrisguttandin,chrisguttandin/json-midi-encoder-worker,2016-12-05T13:14:14Z,2024-10-25T14:14:07Z,0,0,JavaScript,true,false,mit
hartwork,hartwork/no-cyclic-imports,2024-05-16T18:58:57Z,2024-10-25T14:12:15Z,9,9,Python,true,true,agpl-3.0
eps1lon,eps1lon/solverfox.dev,2019-10-04T14:59:49Z,2024-10-25T14:09:08Z,5,5,Svelte,false,false,
chrisguttandin,chrisguttandin/json-midi-message-encoder,2016-12-05T00:51:26Z,2024-10-25T14:05:41Z,2,2,TypeScript,true,false,mit
chrisguttandin,chrisguttandin/midi-json-parser-worker,2016-11-30T15:15:14Z,2024-10-25T14:04:05Z,6,6,TypeScript,true,false,mit
chrisguttandin,chrisguttandin/worker-factory,2018-01-02T22:16:47Z,2024-10-25T14:01:45Z,2,2,JavaScript,true,false,mit
chrisguttandin,chrisguttandin/fast-unique-numbers,2017-12-01T04:02:18Z,2024-10-25T13:59:41Z,2,2,JavaScript,true,false,mit
floooh,floooh/sokol-rust,2023-03-18T10:36:39Z,2024-10-25T13:57:48Z,63,63,C,true,true,zlib
floooh,floooh/sokol-zig,2018-05-31T17:10:41Z,2024-10-25T13:57:18Z,370,370,C,true,true,zlib
floooh,floooh/sokol-odin,2022-06-27T16:21:21Z,2024-10-25T13:56:47Z,99,99,C,true,true,
floooh,floooh/sokol-nim,2018-02-09T17:15:29Z,2024-10-25T13:56:28Z,83,83,C,true,true,mit
mr-c,mr-c/MMseqs2,2020-04-24T08:21:31Z,2024-10-25T13:56:13Z,0,0,C++,true,true,gpl-3.0
Nitrokey,Nitrokey/nitrokey-3-firmware,2021-05-11T14:29:40Z,2024-10-25T13:55:38Z,248,248,Rust,true,false,apache-2.0
Fcmam5,Fcmam5/fcmam5.github.io,2015-11-15T18:53:55Z,2024-10-25T13:53:09Z,2,2,JavaScript,false,false,other
opf,opf/primer_view_components,2023-06-23T10:11:16Z,2024-10-25T13:49:58Z,1,1,Ruby,false,false,mit
eps1lon,eps1lon/types-react-codemod,2022-04-03T14:59:02Z,2024-10-25T13:49:02Z,311,311,JavaScript,false,false,mit
objectbox,objectbox/langchain,2024-04-07T17:31:57Z,2024-10-25T13:28:53Z,0,0,Jupyter Notebook,true,true,mit
johannesjo,johannesjo/super-productivity,2017-01-06T22:30:58Z,2024-10-25T13:27:43Z,11799,11799,TypeScript,false,true,mit
Skn0tt,Skn0tt/playwright-vscode,2024-08-29T12:49:39Z,2024-10-25T13:24:27Z,0,0,,true,true,apache-2.0
deepset-ai,deepset-ai/haystack-core-integrations,2022-08-19T08:17:34Z,2024-10-25T13:20:10Z,110,110,Python,false,false,apache-2.0
rishimohan,rishimohan/rishimohan.me,2021-11-03T10:20:38Z,2024-10-25T13:08:51Z,90,90,JavaScript,true,true,
irh,irh/dotfiles,2017-08-16T06:54:55Z,2024-10-25T13:04:58Z,3,3,Shell,true,true,
arianvp,arianvp/nixcon2024,2024-10-09T19:43:29Z,2024-10-25T12:59:11Z,3,3,HCL,true,false,
ueberdosis,ueberdosis/tiptap-docs,2024-06-26T20:56:23Z,2024-10-25T12:55:57Z,28,28,MDX,true,false,other
deepset-ai,deepset-ai/haystack,2019-11-14T09:05:28Z,2024-10-25T12:55:52Z,17344,17344,Python,true,false,apache-2.0
hellofresh,hellofresh/updater-go,2018-08-13T09:09:13Z,2024-10-25T12:42:30Z,11,11,Go,true,false,mit
philippjfr,philippjfr/marimo,2024-10-24T17:58:36Z,2024-10-25T12:39:06Z,1,1,,true,false,apache-2.0
prisma,prisma/docs,2020-03-10T10:38:43Z,2024-10-25T12:38:35Z,981,981,MDX,true,false,apache-2.0
localheinz,localheinz/organizing-test-code-in-php,2023-03-02T17:10:02Z,2024-10-25T12:38:12Z,7,7,PHP,false,false,mit
Nitrokey,Nitrokey/nitrokey-sdk-py,2024-07-22T09:56:44Z,2024-10-25T12:33:47Z,1,1,Python,false,true,
wolfv,wolfv/pixi,2023-06-13T11:26:55Z,2024-10-25T12:24:19Z,1,1,Rust,true,true,bsd-3-clause
chrisgrieser,chrisgrieser/blink-cmp-rg.nvim,2024-10-25T11:59:27Z,2024-10-25T12:24:17Z,0,0,,true,true,mit
dereuromark,dereuromark/cakephp-decimal,2019-08-14T00:18:36Z,2024-10-25T12:15:43Z,8,8,PHP,false,true,mit
Nitrokey,Nitrokey/nitrokey-documentation,2020-04-01T11:18:26Z,2024-10-25T12:15:26Z,33,33,CSS,false,false,
Nitrokey,Nitrokey/se05x,2023-08-16T13:06:22Z,2024-10-25T12:05:42Z,4,4,Rust,true,true,
cpanato,cpanato/wolfi-os,2022-09-19T17:26:47Z,2024-10-25T12:04:27Z,0,0,Shell,true,true,other
harshil1712,harshil1712/slidev-cloudflare-workers,2024-10-25T11:59:01Z,2024-10-25T12:00:14Z,0,0,TypeScript,true,true,
plutov,plutov/packagemain,2017-12-11T10:06:18Z,2024-10-25T11:58:39Z,534,534,Go,false,false,mit
Nitrokey,Nitrokey/fido-authenticator,2021-11-16T15:25:47Z,2024-10-25T11:55:12Z,4,4,Rust,true,false,apache-2.0
ThisIsMissEm,ThisIsMissEm/mastodon,2023-04-25T19:39:48Z,2024-10-25T11:51:54Z,0,0,Ruby,true,false,agpl-3.0
bennycode,bennycode/ts2esm,2023-10-25T11:23:51Z,2024-10-25T11:51:01Z,46,46,TypeScript,true,false,
marimeireles,marimeireles/omero-test-infra,2024-10-11T15:20:52Z,2024-10-25T11:39:35Z,0,0,Python,true,true,bsd-2-clause
pepelsbey,pepelsbey/mdn-content,2023-11-02T10:10:50Z,2024-10-25T11:28:06Z,0,0,Markdown,true,false,other
vas3k,vas3k/anytype-ts,2024-10-25T11:21:39Z,2024-10-25T11:22:12Z,0,0,,true,false,other
juanitorduz,juanitorduz/website_projects,2018-12-21T07:59:10Z,2024-10-25T11:00:22Z,36,36,Jupyter Notebook,true,true,mit
Kardelio,Kardelio/kardelio.github.io,2020-03-21T13:34:27Z,2024-10-25T10:57:35Z,0,0,JavaScript,true,true,
bennycode,bennycode/not-create-react-app,2022-08-07T10:24:23Z,2024-10-25T10:48:01Z,3,3,TypeScript,true,true,
nuhkoca,nuhkoca/udacity-movie-app,2018-02-16T18:03:26Z,2024-10-25T10:32:39Z,2,2,Java,true,true,
Nitrokey,Nitrokey/trussed-se050-backend,2023-08-17T13:46:13Z,2024-10-25T10:30:39Z,1,1,Rust,true,true,
Nitrokey,Nitrokey/opcard-rs,2022-06-02T11:15:27Z,2024-10-25T10:29:13Z,50,50,Rust,true,true,
dereuromark,dereuromark/cakephp-geo,2014-09-19T16:57:00Z,2024-10-25T10:22:03Z,47,47,PHP,false,true,mit
MohamedMesto,MohamedMesto/Word_adventure,2024-10-16T20:33:38Z,2024-10-25T10:20:23Z,0,0,JavaScript,true,true,
Nitrokey,Nitrokey/piv-authenticator,2022-10-25T09:28:07Z,2024-10-25T10:18:47Z,1,1,Rust,true,false,apache-2.0
Nitrokey,Nitrokey/nitrokey-websmartcard-rust,2022-07-26T18:59:36Z,2024-10-25T10:11:37Z,1,1,Rust,true,true,
LefterisJP,LefterisJP/assets,2021-04-13T15:08:13Z,2024-10-25T10:08:23Z,0,0,Python,true,true,
mxschmitt,mxschmitt/playwright.dev,2020-12-03T10:05:11Z,2024-10-25T10:04:12Z,1,1,JavaScript,true,true,cc-by-4.0
Nitrokey,Nitrokey/trussed-secrets-app,2022-10-24T18:19:53Z,2024-10-25T09:59:23Z,9,9,Rust,true,false,apache-2.0
Nitrokey,Nitrokey/nitrokey-app2,2021-11-23T12:48:20Z,2024-10-25T09:53:30Z,82,82,Python,true,true,apache-2.0
mr-c,mr-c/psutil-feedstock,2024-10-22T13:25:28Z,2024-10-25T09:47:39Z,0,0,,true,false,bsd-3-clause
stanislaw,stanislaw/textX,2020-10-29T18:52:26Z,2024-10-25T09:45:17Z,0,0,,true,true,mit
Dineshkarthik,Dineshkarthik/Dineshkarthik,2020-07-09T09:06:21Z,2024-10-25T09:21:41Z,2,2,Python,true,true,mit
codebytere,codebytere/node,2019-06-12T20:51:32Z,2024-10-25T09:16:30Z,6,6,JavaScript,true,false,other
Nitrokey,Nitrokey/admin-app,2021-11-26T12:15:30Z,2024-10-25T09:16:17Z,0,0,Rust,true,true,apache-2.0
Nitrokey,Nitrokey/trussed,2021-04-07T15:58:27Z,2024-10-25T09:14:31Z,4,4,Rust,true,false,apache-2.0
codebytere,codebytere/nghttp2,2021-10-11T10:54:44Z,2024-10-25T09:00:04Z,1,1,,true,true,other
IliaKani,IliaKani/stellar-burgers,2024-10-15T11:01:46Z,2024-10-25T08:45:14Z,1,1,TypeScript,true,true,
mmourafiq,mmourafiq/mmourafiq.github.io,2015-05-18T20:05:10Z,2024-10-25T08:43:01Z,0,0,,true,true,
mmourafiq,mmourafiq/mmourafiq,2023-07-05T09:15:14Z,2024-10-25T08:42:59Z,1,1,,true,true,
floooh,floooh/chipz,2024-05-16T15:47:37Z,2024-10-25T08:06:43Z,45,45,Zig,true,true,mit
deepset-ai,deepset-ai/dc-custom-component-template,2024-07-31T08:11:50Z,2024-10-25T08:05:56Z,1,1,Python,true,true,
floooh,floooh/pacman.zig,2020-12-23T18:14:08Z,2024-10-25T08:04:27Z,236,236,Zig,true,true,mit
floooh,floooh/sokol-zig-imgui-sample,2024-05-30T17:11:44Z,2024-10-25T08:03:27Z,32,32,Zig,true,true,mit
cpanato,cpanato/github-actions-dashboard,2023-07-01T09:34:35Z,2024-10-25T08:03:08Z,16,16,Go,true,true,apache-2.0
hanshuebner,hanshuebner/retrotex,2024-09-01T04:20:38Z,2024-10-25T07:59:42Z,0,0,TypeScript,true,true,
cpanato,cpanato/sigstore-probers,2023-03-09T10:49:44Z,2024-10-25T07:50:48Z,0,0,Go,true,true,apache-2.0
zalando,zalando/go-keyring,2016-07-18T15:33:54Z,2024-10-25T07:41:36Z,861,861,Go,false,false,mit
sschuberth,sschuberth/osv.dev,2024-10-24T17:00:09Z,2024-10-25T07:36:17Z,0,0,,true,false,apache-2.0
deliveryhero,deliveryhero/dp-argo-cd,2024-08-12T08:46:47Z,2024-10-25T07:31:31Z,0,0,Go,true,true,apache-2.0
vadorovsky,vadorovsky/cosmic-comp,2023-09-02T08:22:29Z,2024-10-25T07:24:08Z,0,0,,true,true,gpl-3.0
slint-ui,slint-ui/madewithslint,2023-06-15T22:01:59Z,2024-10-25T06:36:26Z,11,11,HTML,true,false,other
Byron,Byron/crates-index-diff-rs,2016-12-25T10:08:45Z,2024-10-25T06:09:16Z,15,15,Rust,false,false,mit
asaaki,asaaki/cloudfront-logs,2024-02-11T18:30:05Z,2024-10-25T05:41:03Z,3,3,Rust,true,true,apache-2.0
lucasmichot,lucasmichot/Providers,2023-09-05T16:03:35Z,2024-10-25T05:33:09Z,0,0,PHP,true,false,mit
tiangolo,tiangolo/pydantic-sqlalchemy,2020-05-02T16:44:22Z,2024-10-25T03:36:51Z,1175,1175,Python,true,true,mit
AmruthPillai,AmruthPillai/netlify-functions-express,2019-08-28T14:59:09Z,2024-10-25T03:07:58Z,0,0,JavaScript,true,true,
dereuromark,dereuromark/cakephp-templating,2023-12-10T10:34:00Z,2024-10-25T02:32:36Z,2,2,PHP,false,true,mit
PurpleBooth,PurpleBooth/utility-container-restic,2023-10-10T12:22:54Z,2024-10-25T01:37:53Z,0,0,Shell,true,true,unlicense
BenjaminBossan,BenjaminBossan/diffusers,2023-11-16T10:02:17Z,2024-10-25T01:27:29Z,1,1,Python,true,true,apache-2.0
berstend,berstend/browser-monitor,2021-11-02T00:47:18Z,2024-10-25T01:12:33Z,27,27,JavaScript,false,false,
SimonDanisch,SimonDanisch/General,2019-12-06T17:26:42Z,2024-10-25T01:04:19Z,0,0,Julia,true,true,mit
camunda,camunda/form-playground,2022-08-25T11:24:35Z,2024-10-25T00:49:32Z,8,8,JavaScript,true,true,mit
abdulfatir,abdulfatir/autogluon,2024-10-25T14:13:06Z,2024-10-24T23:59:32Z,0,0,,true,false,apache-2.0
gka,gka/driven-by-data.net,2022-06-10T08:53:17Z,2024-10-24T23:35:59Z,1,1,SCSS,true,true,
pepicrft,pepicrft/website,2022-08-22T05:43:25Z,2024-10-24T23:02:36Z,0,0,Elixir,true,true,mit
andydandy74,andydandy74/Journalysis,2017-11-16T13:04:06Z,2024-10-24T22:44:00Z,47,47,Python,true,true,mit
camunda,camunda/camunda-8-js-sdk,2023-11-30T22:08:11Z,2024-10-24T22:03:58Z,19,19,TypeScript,true,true,apache-2.0
Expensify,Expensify/react-native-x-maps,2023-07-12T12:22:17Z,2024-10-24T21:44:17Z,1,1,TypeScript,true,true,
Expensify,Expensify/eslint-config-expensify,2016-12-01T00:20:47Z,2024-10-24T21:37:04Z,5,5,JavaScript,true,true,
Expensify,Expensify/react-native-live-markdown,2023-11-20T08:24:03Z,2024-10-24T21:36:01Z,823,823,TypeScript,true,true,mit
Expensify,Expensify/react-native-key-command,2022-05-19T00:10:10Z,2024-10-24T21:35:45Z,6,6,Java,true,true,mit
Expensify,Expensify/react-native-qrcode-svg,2016-05-05T17:04:15Z,2024-10-24T21:35:29Z,1070,1070,JavaScript,true,true,mit
Expensify,Expensify/react-fast-pdf,2023-07-25T04:09:19Z,2024-10-24T21:34:37Z,8,8,TypeScript,true,true,
Expensify,Expensify/react-native-onyx,2020-11-03T23:55:52Z,2024-10-24T21:33:51Z,160,160,TypeScript,true,true,mit
Expensify,Expensify/react-native-x-geolocation,2023-08-22T18:54:06Z,2024-10-24T21:31:06Z,0,0,TypeScript,true,true,
ff6347,ff6347/css-color-names-raycast,2024-09-15T16:30:45Z,2024-10-24T21:24:32Z,3,3,HTML,false,false,mit
Expensify,Expensify/react-native-x-draggable-list,2023-07-27T13:43:16Z,2024-10-24T21:23:45Z,1,1,JavaScript,true,true,
fineanmol,fineanmol/Hacktoberfest2024,2018-10-09T04:44:58Z,2024-10-24T21:20:35Z,2517,2517,JavaScript,true,true,gpl-3.0
berstend,berstend/chrome-versions,2022-05-19T09:03:07Z,2024-10-24T21:18:20Z,33,33,TypeScript,false,false,
Expensify,Expensify/GitHub-Actions,2024-10-08T20:19:46Z,2024-10-24T21:06:03Z,0,0,,false,false,
vadorovsky,vadorovsky/gentoo-patchset,2024-10-14T12:34:36Z,2024-10-24T20:45:25Z,0,0,,true,true,
fjl,fjl/go-ethereum,2014-10-08T17:12:04Z,2024-10-24T20:40:35Z,6,6,Go,true,false,
cs-MohamedAyman,cs-MohamedAyman/Interview-Preparation,2022-04-27T14:50:38Z,2024-10-24T20:28:08Z,46,46,,true,true,apache-2.0
OskarStark,OskarStark/rector-symfony,2022-12-05T05:22:03Z,2024-10-24T20:17:54Z,0,0,,true,false,mit
rednafi,rednafi/rednafi,2020-09-02T10:21:12Z,2024-10-24T20:14:57Z,34,34,Go,true,true,mit
Kovah,Kovah/LinkAce,2018-08-22T18:43:26Z,2024-10-24T20:11:46Z,2615,2615,PHP,true,false,gpl-3.0
Kovah,Kovah/LinkAce-Website,2020-04-20T20:20:39Z,2024-10-24T20:02:21Z,10,10,HTML,true,true,
ManiMozaffar,ManiMozaffar/awesome-pydantic,2024-05-11T09:56:16Z,2024-10-24T19:36:11Z,1,1,,true,true,mit
ff6347,ff6347/block-facebook,2018-06-13T08:00:34Z,2024-10-24T19:27:18Z,18,18,TypeScript,true,true,cc0-1.0
AmruthPillai,AmruthPillai/zenstack,2024-10-24T12:14:10Z,2024-10-24T19:25:32Z,0,0,,true,false,mit
PurpleBooth,PurpleBooth/gfmfmt,2021-06-15T18:14:50Z,2024-10-24T19:10:01Z,0,0,Shell,true,true,cc0-1.0
JeroenDeDauw,JeroenDeDauw/entropywins.wtf,2014-08-19T02:41:46Z,2024-10-24T19:06:49Z,0,0,Twig,false,false,
vadorovsky,vadorovsky/gentoo,2023-06-01T15:17:15Z,2024-10-24T18:47:13Z,0,0,Shell,true,false,
cpanato,cpanato/yam,2024-10-24T17:11:09Z,2024-10-24T18:29:05Z,1,1,,true,true,apache-2.0
roji,roji/roji.github.io,2014-10-26T12:27:38Z,2024-10-24T18:03:59Z,7,7,JavaScript,true,false,
jpkrohling,jpkrohling/otelcol-distributions,2023-10-25T08:58:42Z,2024-10-24T17:35:45Z,11,11,Shell,false,false,apache-2.0
nuhkoca,nuhkoca/FirebaseFunctions,2018-02-13T22:08:17Z,2024-10-24T17:35:09Z,2,2,JavaScript,true,true,
irh,irh/helix,2024-09-27T14:09:38Z,2024-10-24T17:33:26Z,0,0,Rust,true,true,mpl-2.0
jpkrohling,jpkrohling/otel-sig-security-example-go,2024-07-11T15:07:42Z,2024-10-24T17:30:37Z,2,2,Go,false,false,apache-2.0
Byron,Byron/gitbutler,2024-03-26T13:24:10Z,2024-10-24T17:17:39Z,0,0,TypeScript,true,false,other
niderhoff,niderhoff/cookiecutter-uv,2024-10-12T19:27:56Z,2024-10-24T17:10:52Z,0,0,Python,true,true,mit
PurpleBooth,PurpleBooth/mit-lint,2021-09-19T15:52:57Z,2024-10-24T17:01:21Z,4,4,Rust,true,true,cc0-1.0
camunda,camunda/zeebe-process-test,2021-10-13T11:54:23Z,2024-10-24T16:56:09Z,41,41,Java,false,false,
kashif,kashif/transformers,2022-05-25T09:46:41Z,2024-10-24T16:50:28Z,0,0,Python,true,true,apache-2.0
iotaledger,iotaledger/wasp,2020-05-11T07:54:21Z,2024-10-24T16:19:55Z,296,296,Go,true,false,apache-2.0
prisma,prisma/engines-wrapper,2020-10-16T09:21:20Z,2024-10-24T16:09:33Z,21,21,TypeScript,false,false,apache-2.0
yjs,yjs/yjs,2014-07-29T19:29:45Z,2024-10-24T16:07:55Z,16893,16893,JavaScript,true,false,other
deepset-ai,deepset-ai/oclc-custom-component,2024-10-08T08:08:15Z,2024-10-24T16:06:26Z,0,0,Python,true,true,
Expensify,Expensify/Bedrock,2016-09-11T01:55:45Z,2024-10-24T16:04:37Z,1116,1116,C,true,false,lgpl-3.0
jamesmunns,jamesmunns/postcard,2019-04-03T23:26:26Z,2024-10-24T15:46:34Z,893,893,Rust,true,true,apache-2.0
alexeygrigorev,alexeygrigorev/transcript-utils,2022-02-13T18:23:20Z,2024-10-24T15:28:44Z,1,1,Python,true,true,
zeenix,zeenix/gimoji,2023-05-21T13:33:58Z,2024-10-24T15:27:36Z,34,34,Rust,true,true,mit
cristianoliveira,cristianoliveira/dotfiles,2015-11-05T22:35:46Z,2024-10-24T15:20:43Z,11,11,Shell,true,true,
cpanato,cpanato/testing-ci-providers,2019-10-11T13:19:07Z,2024-10-24T15:19:37Z,3,3,Shell,true,false,
alexeygrigorev,alexeygrigorev/podcast-transcriber,2024-07-12T09:21:18Z,2024-10-24T15:19:00Z,0,0,Python,true,true,
PurpleBooth,PurpleBooth/mit-commit,2020-06-28T09:27:06Z,2024-10-24T15:15:18Z,2,2,Rust,true,true,cc0-1.0
alexeygrigorev,alexeygrigorev/datasets,2014-08-16T20:12:57Z,2024-10-24T15:09:03Z,9,9,,true,true,
deliveryhero,deliveryhero/gcp-config-connector-tagging-operator,2024-08-09T14:44:40Z,2024-10-24T15:02:57Z,0,0,Go,false,false,apache-2.0
tiangolo,tiangolo/wrangler-action,2024-10-24T12:22:03Z,2024-10-24T15:02:42Z,3,3,,true,true,apache-2.0
cpanato,cpanato/apko,2022-02-20T15:33:26Z,2024-10-24T15:00:47Z,0,0,Go,true,true,apache-2.0
xyflow,xyflow/web,2023-06-15T10:27:50Z,2024-10-24T14:50:58Z,49,49,MDX,true,false,mit
adbar,adbar/trafilatura,2019-04-08T11:38:48Z,2024-10-24T14:43:32Z,3580,3580,Python,false,false,apache-2.0
cpanato,cpanato/digestabot,2024-05-23T15:02:21Z,2024-10-24T14:41:57Z,0,0,Makefile,true,true,apache-2.0
bkchr,bkchr/impl-trait-for-tuples,2019-09-11T07:49:40Z,2024-10-24T14:36:14Z,23,23,Rust,true,true,
mxschmitt,mxschmitt/playwright-vscode,2022-10-13T07:44:54Z,2024-10-24T14:27:30Z,1,1,TypeScript,true,true,apache-2.0
tcurdt,tcurdt/release-rust,2020-08-13T15:59:04Z,2024-10-24T14:15:09Z,2,2,Dockerfile,true,true,
tcurdt,tcurdt/action-verify-version-maven,2021-02-09T22:04:00Z,2024-10-24T14:14:53Z,3,3,JavaScript,true,true,
tcurdt,tcurdt/action-verify-version-cargo,2020-09-22T00:02:31Z,2024-10-24T14:14:39Z,2,2,JavaScript,true,true,
SuperQ,SuperQ/kube-prometheus,2024-10-07T14:30:14Z,2024-10-24T13:54:10Z,0,0,,true,true,apache-2.0
fractaledmind,fractaledmind/litestream-ruby,2023-12-11T10:51:34Z,2024-10-24T13:23:17Z,123,123,Ruby,true,true,mit
thyrlian,thyrlian/GeekGadgets,2020-07-11T22:00:46Z,2024-10-24T13:20:27Z,2,2,,true,true,
ndom91,ndom91/briefkasten,2022-05-04T18:24:07Z,2024-10-24T13:14:11Z,904,904,JavaScript,false,false,mit
vitormalencar,vitormalencar/thanks,2024-10-23T18:45:49Z,2024-10-24T13:07:42Z,0,0,TypeScript,true,true,
camunda,camunda/linting,2022-05-24T13:22:54Z,2024-10-24T13:05:20Z,2,2,JavaScript,false,false,mit
objectbox,objectbox/objectbox-swift-spm,2024-10-24T13:04:40Z,2024-10-24T13:04:40Z,0,0,,true,true,
eps1lon,eps1lon/redirect-issue,2024-10-25T17:01:55Z,2024-10-24T13:04:01Z,0,0,,true,true,
neobrain,neobrain/FEX,2021-08-11T14:31:23Z,2024-10-24T12:51:58Z,1,1,,true,true,mit
deliveryhero,deliveryhero/terraform-aws-service-quota-alarms,2023-08-02T15:33:08Z,2024-10-24T12:36:57Z,4,4,HCL,false,false,mit
PavelLaptev,PavelLaptev/test-repo,2024-05-07T12:12:36Z,2024-10-24T12:14:47Z,0,0,,true,true,
mzaks,mzaks/mojo,2024-03-31T07:46:51Z,2024-10-24T12:10:25Z,0,0,,true,false,other
brauner,brauner/linux,2019-06-25T12:00:55Z,2024-10-24T12:09:16Z,3,3,C,true,true,other
chrisguttandin,chrisguttandin/stylelint-config-holy-grail,2017-07-16T14:33:34Z,2024-10-24T12:08:22Z,0,0,JavaScript,true,false,mit
juanitorduz,juanitorduz/juanitorduz.github.io,2018-12-02T14:11:38Z,2024-10-24T11:34:45Z,16,16,HTML,true,true,
mxschmitt,mxschmitt/playwright-python,2020-07-07T06:50:45Z,2024-10-24T11:22:57Z,5,5,Python,true,true,apache-2.0
lewagon,lewagon/rake-runner,2019-01-27T22:39:18Z,2024-10-24T11:12:14Z,0,0,Dockerfile,false,false,
mr-c,mr-c/scikit-bio,2020-06-20T14:00:23Z,2024-10-24T11:06:54Z,0,0,Python,true,true,bsd-3-clause
chrisguttandin,chrisguttandin/tslint-config-holy-grail,2016-08-31T16:23:24Z,2024-10-24T10:50:31Z,0,0,JavaScript,true,false,mit
chrisguttandin,chrisguttandin/tsconfig-holy-grail,2017-03-02T18:47:16Z,2024-10-24T10:49:38Z,1,1,JavaScript,true,false,mit
chrisguttandin,chrisguttandin/eslint-config-holy-grail,2016-06-10T21:09:46Z,2024-10-24T10:49:02Z,0,0,JavaScript,true,false,mit
kashif,kashif/chronos-forecasting,2024-03-14T18:25:39Z,2024-10-24T10:45:42Z,1,1,Python,true,true,apache-2.0
prisma,prisma/pulse-railway-pg-config,2023-07-11T22:33:25Z,2024-10-24T10:33:02Z,3,3,TypeScript,false,false,mit
janmonschke,janmonschke/kibana,2022-03-22T08:45:41Z,2024-10-24T10:26:49Z,0,0,TypeScript,true,false,other
cjolowicz,cjolowicz/dotfiles,2013-11-18T23:03:30Z,2024-10-24T10:00:10Z,0,0,Emacs Lisp,true,true,
tsterbak,tsterbak/product-review-research,2024-08-29T07:11:13Z,2024-10-24T09:56:31Z,4,4,HTML,true,true,mit
jenskutilek,jenskutilek/vfbLib,2022-10-21T15:31:23Z,2024-10-24T09:55:41Z,0,0,Python,false,false,gpl-3.0
marcobiedermann,marcobiedermann/codewars,2019-12-28T09:42:18Z,2024-10-24T09:41:04Z,2,2,TypeScript,false,false,mit
camunda,camunda/bpmnlint-plugin-camunda-compat,2021-12-07T08:27:05Z,2024-10-24T09:40:22Z,0,0,JavaScript,false,false,mit
cpanato,cpanato/downloadkubernetes,2020-09-02T13:38:57Z,2024-10-24T09:28:06Z,0,0,Go,true,true,apache-2.0
marcobiedermann,marcobiedermann/html-style-guide,2017-05-03T09:38:26Z,2024-10-24T09:23:58Z,38,38,TypeScript,false,false,
bkchr,bkchr/frequency,2024-10-24T09:02:22Z,2024-10-24T09:22:34Z,0,0,,true,true,apache-2.0
xyflow,xyflow/xyflow,2019-07-15T14:47:30Z,2024-10-24T09:20:36Z,25512,25512,TypeScript,true,false,mit
asus4,asus4/onnxruntime-unity,2024-01-03T12:08:25Z,2024-10-24T09:13:53Z,53,53,C#,true,true,
cs-MohamedAyman,cs-MohamedAyman/Research-Papers,2023-12-12T03:24:37Z,2024-10-24T09:10:14Z,2,2,,true,true,apache-2.0
opf,opf/openproject-octicons,2023-07-04T09:43:03Z,2024-10-24T09:05:45Z,0,0,JavaScript,false,false,mit
Kovah,Kovah/CorporateLorem,2015-11-19T08:10:39Z,2024-10-24T09:01:05Z,15,15,Go,true,false,mit
cs-MohamedAyman,cs-MohamedAyman/Graduation-Project-Steps,2023-03-25T07:40:53Z,2024-10-24T09:01:03Z,4,4,,true,true,apache-2.0
cs-MohamedAyman,cs-MohamedAyman/Educational-Projects,2021-04-14T09:08:35Z,2024-10-24T08:59:53Z,17,17,,true,false,apache-2.0
cs-MohamedAyman,cs-MohamedAyman/Problem-Solving-Training,2020-01-25T21:39:00Z,2024-10-24T08:56:40Z,1165,1165,,true,true,apache-2.0
cs-MohamedAyman,cs-MohamedAyman/Software-Engineering-Trainings,2023-04-30T07:07:06Z,2024-10-24T08:54:05Z,0,0,,true,true,apache-2.0
cs-MohamedAyman,cs-MohamedAyman/Data-Science-Trainings,2023-04-30T07:09:00Z,2024-10-24T08:52:39Z,4,4,,true,true,apache-2.0
adzialocha,adzialocha/dotfiles,2018-06-15T16:00:08Z,2024-10-24T08:52:35Z,1,1,Shell,false,false,
mr-c,mr-c/hisat2,2020-06-20T15:27:11Z,2024-10-24T08:52:12Z,1,1,C++,true,true,gpl-3.0
cs-MohamedAyman,cs-MohamedAyman/Artificial-Intelligence-Trainings,2023-04-30T07:07:22Z,2024-10-24T08:51:48Z,1,1,,true,true,apache-2.0
cs-MohamedAyman,cs-MohamedAyman/Computer-Science-Trainings,2023-04-30T07:06:39Z,2024-10-24T08:51:08Z,3,3,,true,true,apache-2.0
esc,esc/numba-talk,2019-09-03T15:07:51Z,2024-10-24T08:41:59Z,3,3,TeX,true,true,
slint-ui,slint-ui/femtovg,2021-07-26T12:39:22Z,2024-10-24T08:29:53Z,2,2,Rust,false,false,other
janlelis,janlelis/unicode-emoji,2017-04-08T11:54:20Z,2024-10-24T08:28:25Z,147,147,Ruby,true,true,mit
deliveryhero,deliveryhero/helm-charts,2020-06-24T20:18:36Z,2024-10-24T08:08:54Z,483,483,Mustache,false,false,apache-2.0
devonestes,devonestes/assertions,2018-11-30T08:32:55Z,2024-10-24T07:58:36Z,142,142,Elixir,true,true,mit
aqrln,aqrln/dotfiles,2017-01-04T02:19:37Z,2024-10-24T07:53:18Z,4,4,Nix,true,true,mit
hamoid,hamoid/awesome-creative-coding,2024-10-24T06:50:07Z,2024-10-24T07:31:01Z,0,0,,true,true,
cjolowicz,cjolowicz/scripts,2013-11-19T23:27:08Z,2024-10-24T07:20:01Z,5,5,Shell,true,true,
marcobiedermann,marcobiedermann/advent-of-code,2019-12-13T17:40:30Z,2024-10-24T07:16:38Z,1,1,TypeScript,false,false,mit
